{
  "overall": {
    "MAE": 501.1532613928707,
    "RMSE": 1397.3391668577553,
    "R2": 0.9587595803033846
  },
  "plant_1": {
    "MAE": 257.7400537849312,
    "RMSE": 531.9027176544226,
    "R2": 0.9954828296266036
  },
  "plant_2": {
    "MAE": 743.8093517143159,
    "RMSE": 1901.841140475257,
    "R2": 0.881824392333873
  }
}