scope,MAE,RMSE,R2
overall,501.1532613928707,1397.3391668577553,0.9587595803033846
plant_1,257.7400537849312,531.9027176544226,0.9954828296266036
plant_2,743.8093517143159,1901.841140475257,0.881824392333873
